ESTUDIO ; DESCRIPCIÓN ;TIEMPO DE ENTREGA;MAQUILADORA;TIPO DE MUESTRA;CATEGORIA;PRECIO MINIMO MAQUILA;; DISPONIBLE ;;;;;;;
Ultrasonido Ginecológico;Indicado para la exploración del aparato reproductor femenino y los cambios debidos a la estimulación hormonal o la edad.;1;-;-;Estudio de gabinete;0;458;0;;;;;;;
Ultrasonido Abdominal Completo;Valorar la anatomía forma localización y tamaño de los órganos (Hígado bazo vesícula biliar vía biliar páncreas y ambos riñones).;1;-;-;Estudio de gabinete;126;255;1;;;;;;;
Ultrasonido Páncreas y bazo;Indicado para valorar la anatomía forma y tamaño del páncreas y bazo.;1;-;-;Estudio de gabinete;0;0;0;;;;;;;
Ultrasonido Prostático Abdominal;Indicado para valorar anatomía densidad forma y tamaño de órganos (próstata vejiga vesícula seminales).;1;-;-;Estudio de gabinete;0;484;0;;;;;;;
Ultrasonido Endovaginal;Proporciona una notable mejoría en la imagen de ovarios folículos y cuerpo lúteo. Aspiración de folículos Mejor resolución de la exploración en mujeres obesas o con matriz de difícil ubicación. Embarazo del primer trimestre.;1;-;-;Estudio de gabinete;0;0;0;;;;;;;
Ultrasonido Testicular;Evalúa la anatomía tamaño integridad de las estructuras (escroto testículo epidídimo).;1;-;-;Estudio de gabinete;0;484;0;;;;;;;
Ultrasonido Mamario;Indicado para valorar anatomía densidad forma y tamaño órganos (mama).;1;-;-;Estudio de gabinete;0;424;0;;;;;;;
Ultrasonido de Seguimiento folicular;Estudio que valora la maduración folicular y la expulsión del folículo. Útil en el estudio de infertilidad.;1;-;-;Estudio de gabinete;0;1444;0;;;;;;;
Ultrasonido de Perfil biofísico;Permite evaluar al feto de manera íntegra.;1;-;-;Estudio de gabinete;0;1185;0;;;;;;;
Ultrasonido Vesical ;Se utiliza para valorar la anatomía y fisiología vesical.;1;-;-;Estudio de gabinete;0.42;187;1;;;;;;;
Ultrasonido Obstétrico;Herramienta fundamental para el control prenatal. Evalúa al embrión (vitalidad morfología localización) y anexos (placenta cordón umbilical líquido amniótico).;1;-;-;Estudio de gabinete;0.42;220;1;;;;;;;
Ultrasonido Hepatobiliar;Indicado para valorar la anatomía forma y tamaño de hígado vesícula y vía biliar.;1;-;-;Estudio de gabinete;0.42;220;1;;;;;;;
Ultrasonido Renal;Indicado para valorar anatomía densidad forma y tamaño de órganos (ambos riñones).;1;-;-;Estudio de gabinete;0.42;220;1;;;;;;;
Ultrasonido Transrectal;Proporciona una imagen directa de la próstata sus límites alteraciones estructurales morfológicas y relaciones anatómicas. El volumen prostático es en consecuencia fácil de determinar.;1;-;-;Estudio de gabinete;0;849;0;;;;;;;
Ultrasonido de Partes blandas;Valora la anotomía de tejidos superficiales.;1;-;-;Estudio de gabinete;0;1185;0;;;;;;;
Ultrasonido Tiroideo;Permite la valoración de la anatomía de la glándula tiroides.;1;-;-;Estudio de gabinete;0;594;0;;;;;;;
Ultrasonido de Músculo esquelético;Estudio dinámico que permite valorar la integridad de las principales articulaciones. (hombro codo muñeca cadera rodilla tobillo).;1;-;-;Estudio de gabinete;0;1185;0;;;;;;;
Ultrasonido Estructural;Preferentemente se realiza entre las 18 y 23 semanas para lograr detectar anomalías fetales a tiempo.;1;-;-;Estudio de gabinete;0;0;0;;;;;;;
Técnica boyden;También conocido como ultrasonido hepatobiliar con técnica de Boyden se utiliza para valorar la capacidad de vaciamiento de la vesícula biliar.;1;-;-;Estudio de gabinete;0;0;0;;;;;;;
Ultrasonido Abdominal Bajo;;1;-;-;Estudio de gabinete;92.4;220;1;;;;;;;
Ultrasonido Abdominal Alto;;1;-;-;Estudio de gabinete;0.42;220;1;;;;;;;
Ultrasonido Transvaginal;;1;-;-;Estudio de gabinete;0.42;220;1;;;;;;;
Colposcopía; Destinado a la exploración de la vagina y cuello uterino por medio de un colposcopio.;1;-;-;Estudio de Gabinete;0.42;200;1;;;;;;;
Electrocardiograma;Estudio sencillo que registra la actividad eléctrica del corazón y permite determinar si una persona sufre de alguna enfermedad cardiaca.;1;-;-;Estudio de Gabinete;100;210;1;;;;;;;
17 Alfa Hidroxiprogesterona en suero;-;2;Laboratorios Clínicos Oliver;Suero 2 mL;Estudio Clínico;240;178;1;;;;;;;
17 Hidroxiprogesterona Neonatal;-;5;Laboratorios Clínicos Oliver;Tres circulos impregnados de papel filtro;Estudio Clínico;240;340;1;;;;;;;
17 Cetoesteroides en suero;-;3;Laboratorios Clínicos Oliver;Suero 2 mL;Estudio Clínico;270;340;1;;;;;;;
17 general de orina;-;3;Laboratorios Clínicos Oliver;"Orina 24 H, 20 mL. Indicar volumen y tratamiento refrigerar durante la recolección.";Estudio Clínico;270;383;1;;;;;;;
17 Hidroxi Corticoesteroides en orina;-;4;Laboratorios Clínicos Oliver;"Orina 24 H, 20 mL. Indicar volumen y tratamiento refrigerar durante la recolección.";Estudio Clínico;360;510;1;;;;;;;
17 Hidroxi Corticoesteroides en suero;-;4;Laboratorios Clínicos Oliver;Suero 2 mL;Estudio Clínico;300;553;1;;;;;;;
Acetaminofén;-;3;Laboratorios Clínicos Oliver;Suero 2 mL;Estudio Clínico;288;408;1;;;;;;;
Ácido 5-Hidroxi indolacético (Serotonina);-;5;Laboratorios Clínicos Oliver;Suero 2 mL;Estudio Clínico;517;693;1;;;;;;;
Ácido Delta amino levulínico (ALA);-;4;Laboratorios Clínicos Oliver;Suero 2 mL;Estudio Clínico;380;500;1;;;;;;;
Ácido Fólico;-;2;Laboratorios Clínicos Oliver;Suero 3 mL;Estudio Clínico;180;252;1;;;;;;;
Ácido Láctico;-;2;Laboratorios Clínicos Oliver;Plasma fluoruro de oxalato (tubo gris enviar congelado);Estudio Clínico;215;277;1;;;;;;;
Ácido Úrico en orina 24 H;-;1;Laboratorios Clínicos Oliver;Orina 24 H 20 mL. Enviar volumen;Estudio Clínico;48;68;1;;;;;;;
Ácido Úrico sérico;-;1;Laboratorios Clínicos Oliver;Suero 2 mL;Estudio Clínico;36;51;1;;;;;;;
Ácido Valpróico;-;3;Laboratorios Clínicos Oliver;Suero 2 mL;Estudio Clínico;264;334;1;;;;;;;
Ácido Vanilmandélico en suero;-;3;Laboratorios Clínicos Oliver;Suero 2 mL;Estudio Clínico;336;476;1;;;;;;;
Ácidos Grasos libres en suero;-;3;Laboratorios Clínicos Oliver;Suero 2 mL. Ayuno 12 H;Estudio Clínico;154;298;1;;;;;;;
Addis (Cuenta minutada);-;4;Laboratorios Clínicos Oliver;25 mL de orina de 24 H. Indicar volumen;Estudio Clínico;108;153;1;;;;;;;
Adrenalina en orina;-;4;Laboratorios Clínicos Oliver;Orina 24 H 20 mL. Acidificada refrigerar. Enviar volumen;Estudio Clínico;240;340;1;;;;;;;
Adrenalina en plasma;-;4;Laboratorios Clínicos Oliver;Sangre total/EDTA 2 mL;Estudio Clínico;240;340;1;;;;;;;
Albúmina en orina;-;2;Laboratorios Clínicos Oliver;Orina 24 H 20 mL. Indicar volumen  ;Estudio Clínico;33;59.5;1;;;;;;;
Albúmina sérica;-;1;Laboratorios Clínicos Oliver;Suero 2 mL;Estudio Clínico;44;85;1;;;;;;;
Alcohol en orina;-;3;Laboratorios Clínicos Oliver;Orina ocasional;Estudio Clínico;270;383;1;;;;;;;
Alcohol en suero;-;3;Laboratorios Clínicos Oliver;Suero 2 mL. Enviar de inmediato;Estudio Clínico;270;362;1;;;;;;;
Aldolasa;-;2;Laboratorios Clínicos Oliver;Suero 2 mL. Congelado;Estudio Clínico;252;327;1;;;;;;;
Aldosterona en orina;-;2;Laboratorios Clínicos Oliver;Orina 24 H 20 mL. Enviar volumen;Estudio Clínico;210;298;1;;;;;;;
Aldosterona en suero;-;2;Laboratorios Clínicos Oliver;Suero 2 mL;Estudio Clínico;210;298;1;;;;;;;
Alepsal compuesto;-;3;Laboratorios Clínicos Oliver;Suero 2 mL;Estudio Clínico;240;340;1;;;;;;;
Alfa 1-antitripsina;-;4;Laboratorios Clínicos Oliver;Suero 2 mL;Estudio Clínico;275;442;1;;;;;;;
Alfafetoproteína;-;2;Laboratorios Clínicos Oliver;Suero 2 mL;Estudio Clínico;240;340;1;;;;;;;
Aluminio en suero;-;5;Laboratorios Clínicos Oliver;Suero 2 mL. No ingerir antiácidos con aluminio 3 dias antes de la prueba;Estudio Clínico;660;884;1;;;;;;;
Amiba en fresco;-;1;Laboratorios Clínicos Oliver;Muestra fecal reciente;Estudio Clínico;60;85;1;;;;;;;
Amilasa en orina 24 H;-;2;Laboratorios Clínicos Oliver;Orina 24 H 20 mL. Indicar volumen  ;Estudio Clínico;102;137;1;;;;;;;
Amilasa en suero;-;1;Laboratorios Clínicos Oliver;Suero 2 mL;Estudio Clínico;99;115;1;;;;;;;
Aminofilina-Teofilina;-;3;Laboratorios Clínicos Oliver;Suero 2 mL;Estudio Clínico;210;298;1;;;;;;;
Amonio en plasma;-;4;Laboratorios Clínicos Oliver;Plasma/Heparinizado 2 mL. No hemólisis;Estudio Clínico;210;298;1;;;;;;;
Análisis de calcúlo urinario;-;3;Laboratorios Clínicos Oliver;Calculo en vial plástico a temperatura ambiente;Estudio Clínico;171;391;1;;;;;;;
Androstenediona;-;2;Laboratorios Clínicos Oliver;Suero 2 mL;Estudio Clínico;270;383;1;;;;;;;
Androgenos totales;-;2;Laboratorios Clínicos Oliver;Suero 2 mL;Estudio Clínico;222;314;1;;;;;;;
Anfetaminas confirmatorio en orina;-;10;Laboratorios Clínicos Oliver;Orina casual;Estudio Clínico;180;238;1;;;;;;;
Angiotensina enzima convertidora;-;5;Laboratorios Clínicos Oliver;Suero 2 mL;Estudio Clínico;361;663;1;;;;;;;
Anión GAP;-;3;Laboratorios Clínicos Oliver;Suero 1 mL;Estudio Clínico;86;162;1;;;;;;;
Anticoagulante circulatorio lúpico;-;4;Laboratorios Clínicos Oliver;Plasma con citrato (9:1) utilizar material de plástico descartar 3 mL iniciales de la punción enviar congelado.;Estudio Clínico;450;638;1;;;;;;;
Ac. Anti 2-Glicoproteína IgM;-;3;Laboratorios Clínicos Oliver;Suero 2 mL;Estudio Clínico;420;595;1;;;;;;;
Ac. Anti Adenovirus;-;8;Laboratorios Clínicos Oliver;Suero 2 mL;Estudio Clínico;509;918;1;;;;;;;
Ac. Anti Ameba;-;2;Laboratorios Clínicos Oliver;Suero 2 mL;Estudio Clínico;150;213;1;;;;;;;
Ac. Anti ANA;-;3;Laboratorios Clínicos Oliver;Suero 2 mL;Estudio Clínico;180;255;1;;;;;;;
"Ac. Anti Brucella IgG, IgM";-;9;Laboratorios Clínicos Oliver;Suero 2 mL;Estudio Clínico;810;1067;1;;;;;;;
Ac. Anti Cardiolipina IgG;-;2;Laboratorios Clínicos Oliver;Suero 2 mL;Estudio Clínico;240;340;1;;;;;;;
"Ac. Anti Cardiolipina IgG, IgM";-;2;Laboratorios Clínicos Oliver;Suero 2 mL;Estudio Clínico;264;595;1;;;;;;;
Ac. Anti Cardiolipina IgM;-;EMD;Laboratorios Clínicos Oliver;Suero 2 mL;Estudio Clínico;240;340;1;;;;;;;
Ac. Anti Centrómero;-;3;Laboratorios Clínicos Oliver;Suero 2 mL. No hemólisis no lipemia;Estudio Clínico;390;553;1;;;;;;;
Ac. Anti Chlamydia pneumoniae IgM;-;2;Laboratorios Clínicos Oliver;Suero 2 mL;Estudio Clínico;996;1411;1;;;;;;;
Ac. Anti Chlamydia trachomatis IgG;-;2;Laboratorios Clínicos Oliver;Suero 2 mL;Estudio Clínico;288;408;1;;;;;;;
Ac. Anti Chlamydia trachomatis IgM;-;2;Laboratorios Clínicos Oliver;Suero 2 mL;Estudio Clínico;288;408;1;;;;;;;
Ac. Anti Cisticerco en LCR;-;2;Laboratorios Clínicos Oliver;Líquido cefalorraquideo 1 mL;Estudio Clínico;264;757;1;;;;;;;
Ac. Anti Cisticerco en suero;-;2;Laboratorios Clínicos Oliver;Suero 2 mL;Estudio Clínico;270;383;1;;;;;;;
Ac. Anti Citomegalovirus IgG;-;2;Laboratorios Clínicos Oliver;Suero 2 mL;Estudio Clínico;253;334;1;;;;;;;
Ac. Anti Citomegalovirus IgM;-;2;Laboratorios Clínicos Oliver;Suero 2 mL;Estudio Clínico;253;334;1;;;;;;;
Ac. Anti citoplasma de neutrófilos;-;2;Laboratorios Clínicos Oliver;Suero 2 mL;Estudio Clínico;360;510;1;;;;;;;
Ac. Anti DNA;-;2;Laboratorios Clínicos Oliver;Suero 2 mL;Estudio Clínico;246;349;1;;;;;;;
Ac. Anti DNA nativo;-;2;Laboratorios Clínicos Oliver;Suero 2 mL;Estudio Clínico;294;417;1;;;;;;;
Ac. Anti ENA;-;3;Laboratorios Clínicos Oliver;Suero 2 mL;Estudio Clínico;292;1241;1;;;;;;;
Ac. Anti Escleroderma;-;3;Laboratorios Clínicos Oliver;Suero 2 mL;Estudio Clínico;270;383;1;;;;;;;
Ac. Anti Epstein-BARR IgG (Cápside);-;2;Laboratorios Clínicos Oliver;Suero 2 mL. No hemólisis no lipemia;Estudio Clínico;292;510;1;;;;;;;
Ac. Anti Epstein-BARR IgM (Cápside);-;2;Laboratorios Clínicos Oliver;Suero 2 mL. No hemólisis no lipemia;Estudio Clínico;292;510;1;;;;;;;
Ac. Anti Fosfolípidos IgG;-;2;Laboratorios Clínicos Oliver;Suero 2 mL;Estudio Clínico;234;332;1;;;;;;;
"Ac. Anti Fosfolípidos IgG, IgM";-;2;Laboratorios Clínicos Oliver;Suero 2 mL;Estudio Clínico;384;544;1;;;;;;;
Ac. Anti Fosfolípidos IgM;-;2;Laboratorios Clínicos Oliver;Suero 2 mL;Estudio Clínico;210;298;1;;;;;;;
Ac. Anti Helicobacter pylori IgA;-;2;Laboratorios Clínicos Oliver;Suero 2 mL;Estudio Clínico;327;463;1;;;;;;;
Ac. Anti Helicobacter pylori IgG;-;2;Laboratorios Clínicos Oliver;Suero 2 mL;Estudio Clínico;314;415;1;;;;;;;
Ac. Anti Helicobacter pylori IgM;-;2;Laboratorios Clínicos Oliver;Suero 2 mL;Estudio Clínico;360;470;1;;;;;;;
Ac. Anti Hepatitis A IgG;-;2;Laboratorios Clínicos Oliver;Suero 2 mL;Estudio Clínico;341;553;1;;;;;;;
Ac. Anti Hepatitis A IgM;-;2;Laboratorios Clínicos Oliver;Suero 2 mL;Estudio Clínico;234;332;1;;;;;;;
"Ac. Anti Hepatitis B Antigeno ""Core"" (IgM)";-;2;Laboratorios Clínicos Oliver;Suero 2 mL;Estudio Clínico;234;332;1;;;;;;;
"Ac. Anti Hepatitis B Antigeno ""E"" (HBEAC)";-;2;Laboratorios Clínicos Oliver;Suero 2 mL;Estudio Clínico;300;425;1;;;;;;;
"Ac. Anti Hepatitis B Antigeno ""S"" (HBSAC)";-;2;Laboratorios Clínicos Oliver;Suero 2 mL;Estudio Clínico;240;340;1;;;;;;;
Ac. Anti Hepatitis C;-;2;Laboratorios Clínicos Oliver;Suero 2 mL;Estudio Clínico;329;553;1;;;;;;;
Ac. Anti Hepatitis D;-;2;Laboratorios Clínicos Oliver;Suero 2 mL;Estudio Clínico;378;536;1;;;;;;;
Ac. Anti Herpes I IgG;-;2;Laboratorios Clínicos Oliver;Suero 2 mL;Estudio Clínico;251;322;1;;;;;;;
Ac. Anti Herpes I IgM;-;2;Laboratorios Clínicos Oliver;Suero 2 mL;Estudio Clínico;251;322;1;;;;;;;
"Ac. Anti Herpes I IgG, IgM";-;2;Laboratorios Clínicos Oliver;Suero 2 mL;Estudio Clínico;510;723;1;;;;;;;
Ac. Anti Herpes II IgG;-;2;Laboratorios Clínicos Oliver;Suero 2 mL;Estudio Clínico;251;322;1;;;;;;;
Ac. Anti Herpes II IgM;-;2;Laboratorios Clínicos Oliver;Suero 2 mL;Estudio Clínico;330;442;1;;;;;;;
"Ac. Anti Herpes II IgG, IgM";-;2;Laboratorios Clínicos Oliver;Suero 2 mL;Estudio Clínico;570;808;1;;;;;;;
Ac. Anti Insulina;-;3;Laboratorios Clínicos Oliver;Suero 2 mL;Estudio Clínico;363;485;1;;;;;;;
Ac. Anti Microsomales totales (peroxidasa);-;2;Laboratorios Clínicos Oliver;Suero 2 mL;Estudio Clínico;300;425;1;;;;;;;
Ac. Anti Mitocondria;-;2;Laboratorios Clínicos Oliver;Suero 2 mL;Estudio Clínico;300;425;1;;;;;;;
Ac. Anti Músculo liso;-;4;Laboratorios Clínicos Oliver;Suero 2 mL;Estudio Clínico;330;393;1;;;;;;;
Ac. Anti Mycobacterium tuberculosis;-;2;Laboratorios Clínicos Oliver;Suero 2 mL. No hemólisis;Estudio Clínico;347;510;1;;;;;;;
Ac. Anti Nucleares;-;2;Laboratorios Clínicos Oliver;Suero 2 mL;Estudio Clínico;270;383;1;;;;;;;
Ac. Anti Péptido cíclico citrulinado (CCP);-;4;Laboratorios Clínicos Oliver;Suero 2 mL;Estudio Clínico;600;977;1;;;;;;;
Ac. Anti Peroxidasa;-;3;Laboratorios Clínicos Oliver;Suero 2 mL;Estudio Clínico;210;298;1;;;;;;;
Ac. Anti RNA;-;4;Laboratorios Clínicos Oliver;Suero 2 mL;Estudio Clínico;341;587;1;;;;;;;
Ac. Anti RNP;-;3;Laboratorios Clínicos Oliver;Suero 2 mL;Estudio Clínico;341;587;1;;;;;;;
Ac. Anti Rubéola IgG;-;2;Laboratorios Clínicos Oliver;Suero 2 mL;Estudio Clínico;234;312;1;;;;;;;
Ac. Anti Rubéola IgM;-;2;Laboratorios Clínicos Oliver;Suero 2 mL;Estudio Clínico;252;334;1;;;;;;;
Ac. Anti Sarampión IgG;-;2;Laboratorios Clínicos Oliver;Suero 2 mL;Estudio Clínico;294;417;1;;;;;;;
Ac. Anti SCL-70 (Escleroderma);-;2;Laboratorios Clínicos Oliver;Suero 2 mL;Estudio Clínico;330;587;1;;;;;;;
Ac. Anti Smith;-;2;Laboratorios Clínicos Oliver;Suero 2 mL;Estudio Clínico;336;587;1;;;;;;;
Ac. Anti SSA;-;2;Laboratorios Clínicos Oliver;Suero 2 mL;Estudio Clínico;326;587;1;;;;;;;
Ac. Anti SSB;-;2;Laboratorios Clínicos Oliver;Suero 2 mL;Estudio Clínico;336;578;1;;;;;;;
Ac. Anti Tiroglobulina Cuantitativos;-;2;Laboratorios Clínicos Oliver;Suero 2 mL;Estudio Clínico;273;363;1;;;;;;;
Ac. Anti Tiroideos;-;2;Laboratorios Clínicos Oliver;Suero 2 mL;Estudio Clínico;385;595;1;;;;;;;
Ac. Anti Toxacara;-;2;Laboratorios Clínicos Oliver;Suero 2 mL;Estudio Clínico;270;383;1;;;;;;;
Ac. Anti Toxoplasma gondii IgG;-;2;Laboratorios Clínicos Oliver;Suero 2 mL;Estudio Clínico;209;251;1;;;;;;;
Ac. Anti Toxoplasma gondii IgM;-;2;Laboratorios Clínicos Oliver;Suero 2 mL;Estudio Clínico;251;333;1;;;;;;;
Ac. Anti Treponema Pallidum por IFI (FTA);-;2;Laboratorios Clínicos Oliver;Suero 2 mL;Estudio Clínico;253;553;1;;;;;;;
Ac. Anti Varicela IgG;-;2;Laboratorios Clínicos Oliver;Suero 2 mL;Estudio Clínico;270;383;1;;;;;;;
Ac. Anti Varicela IgM;-;2;Laboratorios Clínicos Oliver;Suero 2 mL;Estudio Clínico;341;723;1;;;;;;;
"Ac. Anti Varicela IgG, IgM";-;2;Laboratorios Clínicos Oliver;Suero 2 mL;Estudio Clínico;270;383;1;;;;;;;
Ac. Anti VIH (presuntiva-DUO);-;1;Laboratorios Clínicos Oliver;Suero 2 mL;Estudio Clínico;180;255;1;;;;;;;
Ac. Anti VIH Western Blot;-;5;Laboratorios Clínicos Oliver;Suero 2 mL;Estudio Clínico;1782;3128;1;;;;;;;
Ac. Tiroglobulina;-;3;Laboratorios Clínicos Oliver;Suero 2 mL;Estudio Clínico;303;553;1;;;;;;;
Antiestreptolisinas;-;1;Laboratorios Clínicos Oliver;Suero 2 mL;Estudio Clínico;88;136;1;;;;;;;
Antígeno CA 125;-;2;Laboratorios Clínicos Oliver;Suero 2 mL;Estudio Clínico;300;425;1;;;;;;;
Antígeno CA 15-3;-;2;Laboratorios Clínicos Oliver;Suero 2 mL;Estudio Clínico;325;553;1;;;;;;;
Antígeno CA 19-9;-;2;Laboratorios Clínicos Oliver;Suero 2 mL;Estudio Clínico;330;468;1;;;;;;;
Antígeno CA 27-29;-;3;Laboratorios Clínicos Oliver;Suero 2 mL;Estudio Clínico;810;1148;1;;;;;;;
Antígeno CA 72-4;-;2;Laboratorios Clínicos Oliver;Suero 2 mL;Estudio Clínico;770;1190;1;;;;;;;
Antígeno carcinoembrionario;-;2;Laboratorios Clínicos Oliver;Suero 2 mL;Estudio Clínico;215;340;1;;;;;;;
Antígeno E virus hepatitis B ;-;2;Laboratorios Clínicos Oliver;Suero 2 mL;Estudio Clínico;270;383;1;;;;;;;
Antígeno prostático específico cualitativo;-;1;Laboratorios Clínicos Oliver;Suero 2 mL;Estudio Clínico;150;213;1;;;;;;;
Antígeno prostático específico cuantitativo;-;1;Laboratorios Clínicos Oliver;Suero 2 mL;Estudio Clínico;165;234;1;;;;;;;
Antígeno prostático específico total y libre;-;1;Laboratorios Clínicos Oliver;Suero 2 mL;Estudio Clínico;330;468;1;;;;;;;
Antígeno prostático libre;-;1;Laboratorios Clínicos Oliver;Suero 2 mL;Estudio Clínico;210;298;1;;;;;;;
Antigeno S virus hepatitis B (Ag. Australia);-;1;Laboratorios Clínicos Oliver;Suero 2 mL;Estudio Clínico;240;340;1;;;;;;;
Antígeno HLA-B27 (Histocompatibilidad);-;8;Laboratorios Clínicos Oliver;Suero 2 mL;Estudio Clínico;960;1360;1;;;;;;;
Antígeno Von Willebrand;-;8;Laboratorios Clínicos Oliver;Plasma con citrato (9:1) Fresco;Estudio Clínico;900;1275;1;;;;;;;
Apolipoproteìna A1;-;3;Laboratorios Clínicos Oliver;Suero 2 mL. Ayuno 12 H. Ultimo alimento libre de grasas;Estudio Clínico;385;553;1;;;;;;;
Apolipoproteìna B;-;3;Laboratorios Clínicos Oliver;Suero 2 mL. Ayuno 12 H. Ultimo alimento libre de grasas;Estudio Clínico;385;553;1;;;;;;;
Azúcares reductores;-;1;Laboratorios Clínicos Oliver;Heces 1 muestra;Estudio Clínico;60;85;1;;;;;;;
Baciloscopía 1 muestra;-;1;Laboratorios Clínicos Oliver;Orina expectoración líquidos orgánicos;Estudio Clínico;78;111;1;;;;;;;
Baciloscopía 3 muestras;-;1;Laboratorios Clínicos Oliver;Orina expectoración líquidos orgánicos;Estudio Clínico;210;298;1;;;;;;;
Baciloscopía 5 muestras;-;1;Laboratorios Clínicos Oliver;Orina expectoración líquidos orgánicos;Estudio Clínico;366;519;1;;;;;;;
Bandas oligoclonales LCR;-;10;Laboratorios Clínicos Oliver;Líquido cefalorraquideo 2 mL suero 2 mL;Estudio Clínico;1080;1436;1;;;;;;;
Barbitúricos;-;2;Laboratorios Clínicos Oliver;Orina casual;Estudio Clínico;150;184;1;;;;;;;
Benzodiacepinas;-;2;Laboratorios Clínicos Oliver;Orina casual;Estudio Clínico;210;268;1;;;;;;;
Benzedrina (Anfetaminas);-;2;Laboratorios Clínicos Oliver;Orina casual;Estudio Clínico;150;213;1;;;;;;;
Beta 2 microglobulina en orina;-;1;Laboratorios Clínicos Oliver;25 mL de orina de 24 H. Indicar volumen;Estudio Clínico;240;340;1;;;;;;;
"Bilirrubina total, directa e indirecta";-;1;Laboratorios Clínicos Oliver;Suero 2 mL;Estudio Clínico;50;90;1;;;;;;;
Biometría hemática/plaquetas;-;1;Laboratorios Clínicos Oliver;Sangre total/EDTA ;Estudio Clínico;72;102;1;;;;;;;
Biopsia de 0.1 a 1 cm (Gástricas);-;6;Laboratorios Clínicos Oliver;Biopsia con formol al 10% enviar datos clínicos ;Estudio Clínico;480;680;1;;;;;;;
Biopsia de 0.0 a 3.0 cm;-;6;Laboratorios Clínicos Oliver;Biopsia con formol al 10% enviar datos clínicos ;Estudio Clínico;440;680;1;;;;;;;
Biopsia de 4.0 a 7.0 cm;-;6;Laboratorios Clínicos Oliver;Biopsia con formol al 10% enviar datos clínicos ;Estudio Clínico;54;935;1;;;;;;;
Biopsia pieza grande hasta 12 cm;-;6;Laboratorios Clínicos Oliver;Biopsia con formol al 10% enviar datos clínicos ;Estudio Clínico;759;1190;1;;;;;;;
Biopsia órgano especial;-;6;Laboratorios Clínicos Oliver;Biopsia con formol al 10% enviar datos clínicos ;Estudio Clínico;1140;1615;1;;;;;;;
Biopsia piezas especiales;-;6;Laboratorios Clínicos Oliver;Biopsia con formol al 10% enviar datos clínicos ;Estudio Clínico;1140;1615;1;;;;;;;
Brucella abortus por rosa de bengala;-;2;Laboratorios Clínicos Oliver;1 mL de suero;Estudio Clínico;228;323;1;;;;;;;
C3 complemento;-;2;Laboratorios Clínicos Oliver;Suero 2 mL;Estudio Clínico;180;255;1;;;;;;;
C4 complemento;-;2;Laboratorios Clínicos Oliver;Suero 2 mL;Estudio Clínico;180;255;1;;;;;;;
Ca 125 Antígeno;-;2;Laboratorios Clínicos Oliver;Suero 2 mL;Estudio Clínico;270;383;1;;;;;;;
Ca 15-3 Antígeno;-;2;Laboratorios Clínicos Oliver;Suero 2 mL;Estudio Clínico;270;383;1;;;;;;;
Ca 19-9 Antígeno;-;2;Laboratorios Clínicos Oliver;Suero 2 mL;Estudio Clínico;270;383;1;;;;;;;
Ca 27-29 Antígeno;-;2;Laboratorios Clínicos Oliver;Suero 2 mL;Estudio Clínico;66;642;1;;;;;;;
Ca 72-4 Antígeno;-;2;Laboratorios Clínicos Oliver;Suero 2 mL;Estudio Clínico;66;935;1;;;;;;;
Calcio en orina de 24 H;-;1;Laboratorios Clínicos Oliver;Orina de 24 H. 20 mL. Enviar volumen;Estudio Clínico;72;94;1;;;;;;;
Calcio en suero;-;1;Laboratorios Clínicos Oliver;Suero 2 mL;Estudio Clínico;60;85;1;;;;;;;
Calcitonina;-;2;Laboratorios Clínicos Oliver;Suero 2 mL. Congelado no lipemia no hemólisis;Estudio Clínico;215;260;1;;;;;;;
"Cálculo urinario, análisis";-;2;Laboratorios Clínicos Oliver;Cálculo en vial a temperatura ambiente;Estudio Clínico;132;213;1;;;;;;;
Cannabinoides (Marihuana);-;1;Laboratorios Clínicos Oliver;Orina casual;Estudio Clínico;150;184;1;;;;;;;
Capacidad total de fijación de hierro;-;EMD;Laboratorios Clínicos Oliver;Suero 2 mL;Estudio Clínico;138;196;1;;;;;;;
Captación de triyodotironina;-;1;Laboratorios Clínicos Oliver;Suero 2 mL;Estudio Clínico;133;213;1;;;;;;;
Carbamazepina;-;2;Laboratorios Clínicos Oliver;Suero 2 mL;Estudio Clínico;180;3;1;;;;;;;
"Carcinoembrionario, Antígeno";-;2;Laboratorios Clínicos Oliver;Sangre total/Heparina;Estudio Clínico;210;298;1;;;;;;;
Carga viral hepatitis C (RNA-VHC);-;9;Laboratorios Clínicos Oliver;Plasma/EDTA  2mL. Refrigerado enviar inmediatamente despues de la toma de L a V antes de las 13 H ;Estudio Clínico;2220;3145;1;;;;;;;
Cariotipo en sangre periférica (con fotografía);-;20;Laboratorios Clínicos Oliver;Sangre total con heparina. Enviar a temperatura ambiente con datos clínicos de L a V antes de las 13 H;Estudio Clínico;2340;3315;1;;;;;;;
Células L.E.;-;2;Laboratorios Clínicos Oliver;Tubo rojo sin centrifugar 5 mL;Estudio Clínico;72;94;1;;;;;;;
Catecolaminas en orina;-;4;Laboratorios Clínicos Oliver;25 mL orina de 24 H. Indicar volumen total;Estudio Clínico;424;765;1;;;;;;;
Catecolaminas en plasma;-;4;Laboratorios Clínicos Oliver;Plasma/EDTA 4 mL;Estudio Clínico;424;765;1;;;;;;;
"Cedilin (Fenobarbital, alepsal compuesto)";-;3;Laboratorios Clínicos Oliver;Suero 2 mL;Estudio Clínico;228;323;1;;;;;;;
CH 50 (Complemento hemolítico);-;2;Laboratorios Clínicos Oliver;Suero 2 mL;Estudio Clínico;192;272;1;;;;;;;
Ciclosporina;-;1;Laboratorios Clínicos Oliver;Sangre total/EDTA;Estudio Clínico;540;765;1;;;;;;;
Cinética de hierro (Perfil de hierro);-;2;Laboratorios Clínicos Oliver;Suero 3 mL;Estudio Clínico;210;297.5;1;;;;;;;
Citología de líquido peritoneal;-;3;Laboratorios Clínicos Oliver;Liquido/Secreción ;Estudio Clínico;240;340;1;;;;;;;
Citología de liquidos;-;3;Laboratorios Clínicos Oliver;6 mL liquido biológico/Laminilla de liquido. Fijas con alcohol;Estudio Clínico;240;340;1;;;;;;;
Citología de moco fecal;-;1;Laboratorios Clínicos Oliver;Frotis sin fijar y materia fecal reciente;Estudio Clínico;90;128;1;;;;;;;
Citología de moco nasal;-;1;Laboratorios Clínicos Oliver;Frotis fijar con alcohol indicar narina;Estudio Clínico;90;128;1;;;;;;;
Citología uretral;-;3;Laboratorios Clínicos Oliver;Frotis fijado con citospray o alcohol 96º;Estudio Clínico;110;213;1;;;;;;;
Citología exfoliativa;-;1;Laboratorios Clínicos Oliver;Frotis fijado con citospray o alcohol 96º;Estudio Clínico;88;196;1;;;;;;;
Citoquimico de líquidos;-;1;Laboratorios Clínicos Oliver;Líquido en tubo estéril o jeringa;Estudio Clínico;240;340;1;;;;;;;
CK-MB (Creatin fosfo cinasa fracción MB);-;3;Laboratorios Clínicos Oliver;Suero 2 mL;Estudio Clínico;150;213;1;;;;;;;
Clonazepam en suero;-;2;Laboratorios Clínicos Oliver;Suero 3 mL;Estudio Clínico;396;680;1;;;;;;;
Cloro en orina;-;1;Laboratorios Clínicos Oliver;Orina 24 H. Indicar volumen;Estudio Clínico;61;94;1;;;;;;;
Cloro en sangre;-;EMD;Laboratorios Clínicos Oliver;Suero 2 mL;Estudio Clínico;61;90;1;;;;;;;
CO2 total;-;7;Laboratorios Clínicos Oliver;Suero 2 mL;Estudio Clínico;66;94;1;;;;;;;
Cobre en orina;-;7;Laboratorios Clínicos Oliver;Orina 24 H. 20 mL. Indicar volumen;Estudio Clínico;358;510;1;;;;;;;
Cobre sérico;-;1;Laboratorios Clínicos Oliver;Suero 2 mL. Centrifugar despues de formado el coágulo pasar a tubo de plástico y refrigerar;Estudio Clínico;358;510;1;;;;;;;
Cocaína;-;1;Laboratorios Clínicos Oliver;Orina casual;Estudio Clínico;120;170;1;;;;;;;
Colesterol de muy baja densidad (VLDL);-;1;Laboratorios Clínicos Oliver;Suero 1 mL. Ayuno mínimo 12 H;Estudio Clínico;88;128;1;;;;;;;
Colesterol de alta densidad (HDL);-;1;Laboratorios Clínicos Oliver;Suero 1 mL. Ayuno mínimo 12 H;Estudio Clínico;88;128;1;;;;;;;
Colesterol de baja densidad (LDL);-;1;Laboratorios Clínicos Oliver;Suero 1 mL. Ayuno mínimo 12 H;Estudio Clínico;88;128;1;;;;;;;
Colesterol total;-;1;Laboratorios Clínicos Oliver;Suero 1 mL;Estudio Clínico;48;68;1;;;;;;;
Colinesterasa;-;2;Laboratorios Clínicos Oliver;Suero 2 mL;Estudio Clínico;180;240;1;;;;;;;
Complemento C-3;-;2;Laboratorios Clínicos Oliver;Suero 2 mL;Estudio Clínico;150;213;1;;;;;;;
Complemento C-4;-;2;Laboratorios Clínicos Oliver;Suero 2 mL;Estudio Clínico;150;213;1;;;;;;;
Complemento hemolitico 50%;-;1;Laboratorios Clínicos Oliver;Suero 2 mL;Estudio Clínico;240;281;1;;;;;;;
Coombs directo;-;1;Laboratorios Clínicos Oliver;Sangre total/EDTA;Estudio Clínico;120;170;1;;;;;;;
Coombs indirecto;-;1;Laboratorios Clínicos Oliver;Tubo rojo sin centrifugar 5 mL;Estudio Clínico;150;213;1;;;;;;;
Coprológico funcional;-;1;Laboratorios Clínicos Oliver;Heces 1 muestra reciente;Estudio Clínico;90;128;1;;;;;;;
Coproparasitoscopico 1ra muestra;-;1;Laboratorios Clínicos Oliver;Heces 1 muestra reciente 10 g;Estudio Clínico;36;51;1;;;;;;;
Coproparasitoscopico 2da muestra;-;1;Laboratorios Clínicos Oliver;Heces 1 muestra reciente 10 g. una muestra cada día;Estudio Clínico;60;85;1;;;;;;;
Coproparasitoscopico 3ra muestra;-;1;Laboratorios Clínicos Oliver;Heces 1 muestra reciente 10 g. una muestra cada día;Estudio Clínico;78;111;1;;;;;;;
Coproporfirinas orina 24 H;-;4;Laboratorios Clínicos Oliver;Orina 24 H. 100 mL. Enviar volumen;Estudio Clínico;270;383;1;;;;;;;
Cortisol serico;-;2;Laboratorios Clínicos Oliver;Suero 2 mL;Estudio Clínico;132;187;1;;;;;;;
Cortisol urinario;-;2;Laboratorios Clínicos Oliver;Orina 24 H. 20 mL. Indicar volumen;Estudio Clínico;180;255;1;;;;;;;
Creatinfosfoquinasa CPK;-;1;Laboratorios Clínicos Oliver;Suero 2 mL;Estudio Clínico;90;128;1;;;;;;;
Creatinfosfoquinasa CPK-MB;-;2;Laboratorios Clínicos Oliver;Suero 2 mL;Estudio Clínico;196;315;1;;;;;;;
Creatinina sérica;-;1;Laboratorios Clínicos Oliver;Suero 2 mL;Estudio Clínico;48;68;1;;;;;;;
Creatina en orina 24 H;-;1;Laboratorios Clínicos Oliver;Orina 24 H. 10 mL. Enviar volumen;Estudio Clínico;56;79;1;;;;;;;
Crioaglutininas;-;4;Laboratorios Clínicos Oliver;Suero 2 mL;Estudio Clínico;240;340;1;;;;;;;
Crioglobulinas;-;3;Laboratorios Clínicos Oliver;Suero 2 mL;Estudio Clínico;228;323;1;;;;;;;
Cristalografia;-;4;Laboratorios Clínicos Oliver;Moco cervical. Hacer frotis enviar en campo húmedo antes de las 13 H;Estudio Clínico;110;213;1;;;;;;;
Cromo en sangre;-;8;Laboratorios Clínicos Oliver;Sangre total citratada/Heparina;Estudio Clínico;1008;1343;1;;;;;;;
Cuenta de reticulositos;-;1;Laboratorios Clínicos Oliver;2 mL sangre total/EDTA;Estudio Clínico;72;102;1;;;;;;;
Cuenta minutada;-;3;Laboratorios Clínicos Oliver;25 mL de orina de 24 H. Indicar volumen;Estudio Clínico;165;255;1;;;;;;;
Cultivo bacteriológico;-;5;Laboratorios Clínicos Oliver;Hisopado de secreción biológica;Estudio Clínico;150;213;1;;;;;;;
Cultivo de absceso;-;5;Laboratorios Clínicos Oliver;Toma directa del absceso ;Estudio Clínico;160;255;1;;;;;;;
Cultivo de agua;-;5;Laboratorios Clínicos Oliver;Muestra del líquido reciente;Estudio Clínico;360;510;1;;;;;;;
Cultivo de alimentos;-;5;Laboratorios Clínicos Oliver;Muestra de alimento reciente 50 g;Estudio Clínico;300;425;1;;;;;;;
Cultivo de exudado cérvico vaginal;-;5;Laboratorios Clínicos Oliver;Secreción de exudado vaginal;Estudio Clínico;150;213;1;;;;;;;
Cultivo de exudado faríngeo;-;5;Laboratorios Clínicos Oliver;Exudado faríngeo;Estudio Clínico;150;213;1;;;;;;;
Cultivo de exudado nasal;-;5;Laboratorios Clínicos Oliver;Exudado nasal;Estudio Clínico;150;213;1;;;;;;;
Cultivo de exudado uretral;-;5;Laboratorios Clínicos Oliver;Exudado uretral;Estudio Clínico;150;213;1;;;;;;;
Cultivo de exudado vulvar;-;5;Laboratorios Clínicos Oliver;Exudado vulvar y laminillas;Estudio Clínico;150;213;1;;;;;;;
Cultivo de heces (Coprocultivo);-;5;Laboratorios Clínicos Oliver;Muestra fecal en medio de transporte;Estudio Clínico;150;213;1;;;;;;;
Cultivo de lesión de piel;-;5;Laboratorios Clínicos Oliver;Exudado de lesión;Estudio Clínico;150;213;1;;;;;;;
Cultivo de líquido cefalorraquídeo;-;5;Laboratorios Clínicos Oliver;Líquido cefalorraquideo 3 mL. En frasco estéril;Estudio Clínico;150;213;1;;;;;;;
Cultivo de mycobacterium tuberculosis;-;30;Laboratorios Clínicos Oliver;Orina o líquidos orgánicos en frasco estéril;Estudio Clínico;288;376;1;;;;;;;
Cultivo de orina (Urocultivo);-;5;Laboratorios Clínicos Oliver;Orina reciente 10 mL;Estudio Clínico;150;213;1;;;;;;;
Cultivo de punta de catéter;-;5;Laboratorios Clínicos Oliver;Punta de catetér en frasco estéril;Estudio Clínico;150;213;1;;;;;;;
Cultivo de secreción ótico;-;5;Laboratorios Clínicos Oliver;Exudado ótico;Estudio Clínico;150;213;1;;;;;;;
Cultivo de sangre;-;32;Laboratorios Clínicos Oliver;2 mL sangre total/Medio especial;Estudio Clínico;240;340;1;;;;;;;
Cultivo de semen;-;5;Laboratorios Clínicos Oliver;Semen en frasco estéril;Estudio Clínico;150;213;1;;;;;;;
Cultivo de Vibrio cholerae;-;5;Laboratorios Clínicos Oliver;Muestra de heces en frasco estéril;Estudio Clínico;342;485;1;;;;;;;
Cultivo exudado de prepucio;-;5;Laboratorios Clínicos Oliver;Exudado de prepucio;Estudio Clínico;150;213;1;;;;;;;
Cultivo micológico;-;30;Laboratorios Clínicos Oliver;Escamas en frasco estéril;Estudio Clínico;240;340;1;;;;;;;
Cultivo microbiologico ambiental;-;6;Laboratorios Clínicos Oliver;"Caja petri pedir instrucciones, indicar medidas del área";Estudio Clínico;354;502;1;;;;;;;
Cultivo nasofaríngeo;-;6;Laboratorios Clínicos Oliver;Hisopado de secreción nasal faríngea;Estudio Clínico;237;340;1;;;;;;;
Cultivo microbiologico de manos;-;6;Laboratorios Clínicos Oliver;Medio de transporte;Estudio Clínico;300;356;1;;;;;;;
Cultivo microbiológico de uñas;-;6;Laboratorios Clínicos Oliver;Medio de transporte;Estudio Clínico;300;425;1;;;;;;;
Cultivo Mycoplasma Hominis/Ureoplasma urealyticum;-;5;Laboratorios Clínicos Oliver;Muestra endocervical o uretral;Estudio Clínico;420;509;1;;;;;;;
Cultivo microbiologico de superficies inertes;-;6;Laboratorios Clínicos Oliver;Medio de transporte;Estudio Clínico;390;553;1;;;;;;;
Cultivo de Chlamydia sp.;-;6;Laboratorios Clínicos Oliver;Medio de transporte;Estudio Clínico;450;638;1;;;;;;;
Cultivo Ocular;-;5;Laboratorios Clínicos Oliver;Exudado ocular;Estudio Clínico;150;213;1;;;;;;;
Curva de tolerancia a la glucosa (3 H);-;1;Laboratorios Clínicos Oliver;"Suero 2 mL. Refrigerado por cada muestra, indicar tiempo de toma incluyendo la basal. Se requiere para la primera ayuno previo de 8 H. indicar carga administrada";Estudio Clínico;150;213;1;;;;;;;
Curva de tolerancia a la glucosa (5 H);-;1;Laboratorios Clínicos Oliver;"Suero 2 mL. Refrigerado por cada muestra, indicar tiempo de toma incluyendo la basal. Se requiere para la primera ayuno previo de 8 H. indicar carga administrada";Estudio Clínico;240;340;1;;;;;;;
Dehidroepiandrosterona sulfato;-;2;Laboratorios Clínicos Oliver;Suero 2 mL;Estudio Clínico;180;209;1;;;;;;;
Dehidroepiandrosterona;-;2;Laboratorios Clínicos Oliver;Suero 2 mL;Estudio Clínico;180;241;1;;;;;;;
Dehidrotestosterona;-;2;Laboratorios Clínicos Oliver;Suero 2 mL;Estudio Clínico;210;298;1;;;;;;;
Depuracion de creatinina;-;1;Laboratorios Clínicos Oliver;Suero 2 mL. Orina 24 H 10 mL. Enviar volumen peso y talla;Estudio Clínico;120;169;1;;;;;;;
Depuracion de urea;-;1;Laboratorios Clínicos Oliver;Suero 2 mL. Orina 24 H 10 mL. Enviar volumen peso y talla;Estudio Clínico;132;187;1;;;;;;;
DHL (deshidrogenasa lactica);-;1;Laboratorios Clínicos Oliver;Suero 2 mL;Estudio Clínico;83;120;1;;;;;;;
Dextrosa (Glucosa) post-prandial;-;1;Laboratorios Clínicos Oliver;Suero 1 mL;Estudio Clínico;44;68;1;;;;;;;
Dextrosa en suero (Glucosa);-;1;Laboratorios Clínicos Oliver;Suero 1 mL;Estudio Clínico;44;68;1;;;;;;;
Diazepam;-;3;Laboratorios Clínicos Oliver;Suero 2 mL;Estudio Clínico;286;510;1;;;;;;;
Difenilhidantoina;-;2;Laboratorios Clínicos Oliver;Suero 2 mL;Estudio Clínico;240;289;1;;;;;;;
Digoxina;-;1;Laboratorios Clínicos Oliver;Suero 2 mL;Estudio Clínico;150;184;1;;;;;;;
Dímero “D”;-;2;Laboratorios Clínicos Oliver;Plasma con citrato (9:1) útilizar material de plástico descartar 3 mL iniciales. Enviar congelada antes de las 13 H;Estudio Clínico;300;395;1;;;;;;;
Dopamina en plasma;-;4;Laboratorios Clínicos Oliver;Sangre total/EDTA 2 mL;Estudio Clínico;252;357;1;;;;;;;
Electroforesis de lipoproteinas;-;2;Laboratorios Clínicos Oliver;Suero 3 mL;Estudio Clínico;180;255;1;;;;;;;
Electroforesis de proteinas;-;2;Laboratorios Clínicos Oliver;Suero 2 mL;Estudio Clínico;270;322;1;;;;;;;
"Electrolitos (Na, K, Cl)";-;1;Laboratorios Clínicos Oliver;Suero 2 mL;Estudio Clínico;150;213;1;;;;;;;
"Electrolitos séricos (Na, K, CO2)";-;1;Laboratorios Clínicos Oliver;Suero 2 mL;Estudio Clínico;198;323;1;;;;;;;
"Electrolitos urinarios (Na, Cl, K)";-;1;Laboratorios Clínicos Oliver;Orina 24 H. 20 mL. Enviar volumen;Estudio Clínico;150;213;1;;;;;;;
"Electrolitos séricos (Na, K, Ca)";-;1;Laboratorios Clínicos Oliver;Suero 2 mL;Estudio Clínico;162;230;1;;;;;;;
Eosinófilos en moco nasal 1 muestra;-;1;Laboratorios Clínicos Oliver;2 frotis indicar narina ;Estudio Clínico;61;94;1;;;;;;;
Eosinófilos en moco nasal 3 muestras;-;1;Laboratorios Clínicos Oliver;2 frotis indicar narina ;Estudio Clínico;138;213;1;;;;;;;
Eritropoyetina;-;3;Laboratorios Clínicos Oliver;Suero 2 mL;Estudio Clínico;660;935;1;;;;;;;
Espermatobioscopia directa;-;1;Laboratorios Clínicos Oliver;Muestra de semen reciente. Indicar horario de colecta. Enviar antes de las 13 H;Estudio Clínico;110;213;1;;;;;;;
Estradiol (E2);-;1;Laboratorios Clínicos Oliver;Suero 2 mL;Estudio Clínico;120;170;1;;;;;;;
Estriol libre sérico;-;1;Laboratorios Clínicos Oliver;Suero 2 mL;Estudio Clínico;180;255;1;;;;;;;
Estrógenos totales;-;1;Laboratorios Clínicos Oliver;Suero 2 mL;Estudio Clínico;132;170;1;;;;;;;
Estrona suero;-;2;Laboratorios Clínicos Oliver;Suero 2 mL;Estudio Clínico;180;255;1;;;;;;;
Factor reumatoide cualitativo;-;1;Laboratorios Clínicos Oliver;Suero 2 mL;Estudio Clínico;105;170;1;;;;;;;
Factor reumatoide cuantitativo;-;1;Laboratorios Clínicos Oliver;Suero 2 mL;Estudio Clínico;180;255;1;;;;;;;
Factor VIII de la coagulación;-;3;Laboratorios Clínicos Oliver;Plasma con citrato (9:1) utilizar material de plástico descartar 3 mL iniciales de la punción enviar congelado.;Estudio Clínico;264;374;1;;;;;;;
Fenilalanina;-;4;Laboratorios Clínicos Oliver;Suero 2 mL;Estudio Clínico;180;255;1;;;;;;;
Fenobarbital;-;2;Laboratorios Clínicos Oliver;Suero 2 mL;Estudio Clínico;240;340;1;;;;;;;
Fenciclidina en orina;-;2;Laboratorios Clínicos Oliver;Orina casual;Estudio Clínico;180;255;1;;;;;;;
Ferritina;-;1;Laboratorios Clínicos Oliver;Suero 2 mL;Estudio Clínico;150;213;1;;;;;;;
Fibrinogeno;-;2;Laboratorios Clínicos Oliver;Plasma con citrato (9:1) utilizar material de plástico descartar 3 mL iniciales de la punción enviar congelado.;Estudio Clínico;132;175;1;;;;;;;
Fosfatasa acida fracción prostática;-;2;Laboratorios Clínicos Oliver;Suero 2 mL;Estudio Clínico;120;170;1;;;;;;;
Fosfatasa acida total;-;2;Laboratorios Clínicos Oliver;Suero 2 mL;Estudio Clínico;88;118;1;;;;;;;
Fosfatasa acida y fracción prostática;-;2;Laboratorios Clínicos Oliver;Suero 2 mL;Estudio Clínico;150;213;1;;;;;;;
Fosfatasa alcalina;-;2;Laboratorios Clínicos Oliver;Suero 2 mL;Estudio Clínico;60;85;1;;;;;;;
Fosfatasa alcalina fracción ósea;-;8;Laboratorios Clínicos Oliver;Suero 2 mL;Estudio Clínico;510;620;1;;;;;;;
Fosfolípidos;-;2;Laboratorios Clínicos Oliver;Suero 2 mL;Estudio Clínico;120;170;1;;;;;;;
Fosforo sérico;-;1;Laboratorios Clínicos Oliver;Suero 2 mL;Estudio Clínico;60;85;1;;;;;;;
Fosforo en orina 24 H;-;2;Laboratorios Clínicos Oliver;Orina 24 H. 20 mL. Enviar volumen;Estudio Clínico;60;85;1;;;;;;;
Gama glutamil transpeptidasa;-;1;Laboratorios Clínicos Oliver;Suero 2 mL;Estudio Clínico;60;85;1;;;;;;;
Gasometría arterial;-;1;Laboratorios Clínicos Oliver;Sangre total/Heparina;Estudio Clínico;300;425;1;;;;;;;
Gasometría venosa;-;1;Laboratorios Clínicos Oliver;Sangre total/Heparina;Estudio Clínico;300;425;1;;;;;;;
Gentamicina;-;2;Laboratorios Clínicos Oliver;Suero 2 mL;Estudio Clínico;180;255;1;;;;;;;
Glucagón;-;3;Laboratorios Clínicos Oliver;Suero 2 mL;Estudio Clínico;210;298;1;;;;;;;
Glucosa 6 fosfato deshidrogenasa;-;3;Laboratorios Clínicos Oliver;Sangre total/EDTA;Estudio Clínico;44;298;1;;;;;;;
Glucosa sérica;-;1;Laboratorios Clínicos Oliver;Suero 2 mL;Estudio Clínico;44;68;1;;;;;;;
Glucosa postprandial;-;1;Laboratorios Clínicos Oliver;Suero 2 mL;Estudio Clínico;44;68;1;;;;;;;
Glucosa urinaria;-;1;Laboratorios Clínicos Oliver;Orina ocacional;Estudio Clínico;25;77;1;;;;;;;
Gonadotrofina coriónica-beta cualitativa;-;1;Laboratorios Clínicos Oliver;Suero 2 mL;Estudio Clínico;66;102;1;;;;;;;
Gonadotrofina coriónica-beta cuantitativa;-;1;Laboratorios Clínicos Oliver;Suero 2 mL;Estudio Clínico;150;213;1;;;;;;;
Grupo sanguíneo y facto Rh;-;1;Laboratorios Clínicos Oliver;Sangre total/EDTA;Estudio Clínico;39;35;1;;;;;;;
Hemoglobina glucosilada;-;1;Laboratorios Clínicos Oliver;Sangre total/EDTA;Estudio Clínico;168;238;1;;;;;;;
Helicobacter pylori anticuerpos IgG;-;2;Laboratorios Clínicos Oliver;Suero 2 mL;Estudio Clínico;270;383;1;;;;;;;
Hepatitis B (Hbe ac) Ag. E;-;2;Laboratorios Clínicos Oliver;Suero 2 mL;Estudio Clínico;318;451;1;;;;;;;
Hepatitis B anticuerpos anti S (HBSAC);-;2;Laboratorios Clínicos Oliver;Suero 2 mL;Estudio Clínico;270;359;1;;;;;;;
Hepatitis B core (Hbc Ac. IgG);-;2;Laboratorios Clínicos Oliver;Suero 2 mL;Estudio Clínico;270;383;1;;;;;;;
Hepatitis B core (Hbc. Ac.IgM);-;2;Laboratorios Clínicos Oliver;Suero 2 mL;Estudio Clínico;270;359;1;;;;;;;
Hepatitis B (Hbs. Ag.) Australia;-;1;Laboratorios Clínicos Oliver;Suero 2 mL;Estudio Clínico;204;289;1;;;;;;;
Hepatitis B antigeno E virus (Agehb);-;2;Laboratorios Clínicos Oliver;Suero 2 mL;Estudio Clínico;270;383;1;;;;;;;
Hepatitis C anticuerpos;-;2;Laboratorios Clínicos Oliver;Suero 2 mL;Estudio Clínico;240;340;1;;;;;;;
Hepatitis C carga viral (por PCR);-;11;Laboratorios Clínicos Oliver;Sangre total/EDTA;Estudio Clínico;2100;2975;1;;;;;;;
Hepatitis D (Ac.);-;2;Laboratorios Clínicos Oliver;Suero 2 mL;Estudio Clínico;360;510;1;;;;;;;
Herpes 1 Anticuerpos IgM;-;2;Laboratorios Clínicos Oliver;Suero 2 mL;Estudio Clínico;180;255;1;;;;;;;
Herpes 2 Anticuerpos IgG;-;2;Laboratorios Clínicos Oliver;Suero 2 mL;Estudio Clínico;180;255;1;;;;;;;
Herpes 2 Anticuerpos IgM;-;2;Laboratorios Clínicos Oliver;Suero 2 mL;Estudio Clínico;180;255;1;;;;;;;
Herpes 1 Anticuerpos IgG;-;2;Laboratorios Clínicos Oliver;Suero 2 mL;Estudio Clínico;180;255;1;;;;;;;
Hierro;-;1;Laboratorios Clínicos Oliver;Suero 2 mL;Estudio Clínico;66;94;1;;;;;;;
Histamina;-;5;Laboratorios Clínicos Oliver;Suero 2 mL;Estudio Clínico;360;510;1;;;;;;;
Homocisteina;-;1;Laboratorios Clínicos Oliver;Suero 2 mL;Estudio Clínico;420;595;1;;;;;;;
Hormona adeno corticotrofica (ACTH);-;2;Laboratorios Clínicos Oliver;Sangre/EDTA;Estudio Clínico;210;298;1;;;;;;;
Hormona antidiurética;-;2;Laboratorios Clínicos Oliver;Suero 2 mL;Estudio Clínico;204;289;1;;;;;;;
Hormona del crecimiento;-;2;Laboratorios Clínicos Oliver;Suero 2 mL;Estudio Clínico;120;156;1;;;;;;;
Hormona estimulante de tiroides (TSH);-;1;Laboratorios Clínicos Oliver;Suero 2 mL;Estudio Clínico;120;170;1;;;;;;;
Hormona foliculo estimulante (FSH);-;1;Laboratorios Clínicos Oliver;Suero 2 mL;Estudio Clínico;105;170;1;;;;;;;
Hormona luteinizante (LH);-;1;Laboratorios Clínicos Oliver;Suero 2 mL;Estudio Clínico;105;170;1;;;;;;;
Hormona paratiroidea molecular intacta;-;2;Laboratorios Clínicos Oliver;Suero 2 mL. No hemólisis;Estudio Clínico;210;268;1;;;;;;;
Índice de tiroxina libre;-;1;Laboratorios Clínicos Oliver;Suero 2 mL;Estudio Clínico;120;170;1;;;;;;;
Inhibina A;-;2;Laboratorios Clínicos Oliver;Suero 2 mL. No hemólisis ictericia o lipemia;Estudio Clínico;720;1020;1;;;;;;;
Inmunoglobulina A;-;2;Laboratorios Clínicos Oliver;Suero 2 mL;Estudio Clínico;180;214;1;;;;;;;
Inmunoglobulina E;-;2;Laboratorios Clínicos Oliver;Suero 2 mL;Estudio Clínico;144;204;1;;;;;;;
Inmunoglobulina G;-;2;Laboratorios Clínicos Oliver;Suero 2 mL;Estudio Clínico;120;170;1;;;;;;;
Inmunoglobulina M;-;2;Laboratorios Clínicos Oliver;Suero 2 mL;Estudio Clínico;144;204;1;;;;;;;
Insulina en suero;-;2;Laboratorios Clínicos Oliver;Suero 2 mL;Estudio Clínico;120;170;1;;;;;;;
Insulina postprandial;-;2;Laboratorios Clínicos Oliver;Suero 2 mL. Despues del alimento;Estudio Clínico;216;285;1;;;;;;;
Investigación de oxiuros;-;1;Laboratorios Clínicos Oliver;Frotis anal en portaobjetos;Estudio Clínico;72;170;1;;;;;;;
Linfocitos T4;-;6;Laboratorios Clínicos Oliver;Sangre total/EDTA;Estudio Clínico;480;680;1;;;;;;;
Linfocitos T8;-;6;Laboratorios Clínicos Oliver;Sangre total/EDTA;Estudio Clínico;480;680;1;;;;;;;
Lipasa sérica;-;1;Laboratorios Clínicos Oliver;Suero 2 mL;Estudio Clínico;120;141;1;;;;;;;
Lípidos totales;-;1;Laboratorios Clínicos Oliver;Suero 2 mL;Estudio Clínico;90;128;1;;;;;;;
Litio sérico;-;2;Laboratorios Clínicos Oliver;Suero 2 mL;Estudio Clínico;150;193;1;;;;;;;
Magnesio sérico;-;1;Laboratorios Clínicos Oliver;Suero 2 mL;Estudio Clínico;106;131;1;;;;;;;
Marcador tumoral de colon/recto;-;2;Laboratorios Clínicos Oliver;Suero 2 mL;Estudio Clínico;360;510;1;;;;;;;
Marcador tumoral de mama  ;-;3;Laboratorios Clínicos Oliver;Suero 3 mL;Estudio Clínico;390;553;1;;;;;;;
Marcador tumoral de ovario;-;2;Laboratorios Clínicos Oliver;Suero 3 mL;Estudio Clínico;480;680;1;;;;;;;
Marcador tumoral de páncreas;-;2;Laboratorios Clínicos Oliver;Suero 3 mL;Estudio Clínico;360;510;1;;;;;;;
Marcador tumoral de estomago;-;3;Laboratorios Clínicos Oliver;Suero 3 mL;Estudio Clínico;720;1020;1;;;;;;;
Marcador tumoral de hígado;-;2;Laboratorios Clínicos Oliver;Suero 2 mL;Estudio Clínico;510;723;1;;;;;;;
Marcador tumoral de mieloma;-;2;Laboratorios Clínicos Oliver;Suero 3 mL;Estudio Clínico;540;765;1;;;;;;;
Marcador tumoral prostático;-;2;Laboratorios Clínicos Oliver;Suero 3 mL;Estudio Clínico;360;510;1;;;;;;;
Marcador tumoral de testículo;-;2;Laboratorios Clínicos Oliver;Suero 3 mL;Estudio Clínico;360;510;1;;;;;;;
Marihuana (cannabinoides);-;1;Laboratorios Clínicos Oliver;Orina ocacional ;Estudio Clínico;150;213;1;;;;;;;
Metacualona;-;3;Laboratorios Clínicos Oliver;Orina 24 H. indicar volumen;Estudio Clínico;480;680;1;;;;;;;
Metadona;-;3;Laboratorios Clínicos Oliver;Orina 24 H. indicar volumen;Estudio Clínico;480;680;1;;;;;;;
Metanefrinas en orina;-;1;Laboratorios Clínicos Oliver;Orina ocasional;Estudio Clínico;270;357;1;;;;;;;
Microalbúmina;-;2;Laboratorios Clínicos Oliver;Orina 24 H. 20 mL. Enviar volumen;Estudio Clínico;192;272;1;;;;;;;
Mioglobina;-;3;Laboratorios Clínicos Oliver;Suero 2 mL;Estudio Clínico;360;481;1;;;;;;;
Morfinas;-;1;Laboratorios Clínicos Oliver;Orina casual;Estudio Clínico;240;340;1;;;;;;;
Mycobacterium tuberculosis (Cultivo);-;32;Laboratorios Clínicos Oliver;Muestra variable;Estudio Clínico;288;408;1;;;;;;;
Mycobacterium tuberculosis Ac. Anti IgG;-;2;Laboratorios Clínicos Oliver;Suero 2 mL;Estudio Clínico;300;425;1;;;;;;;
Nitrógeno ureico en orina de 24 H;-;2;Laboratorios Clínicos Oliver;Orina 24 H. Enviar volumen;Estudio Clínico;39;68;1;;;;;;;
Nitrógeno ureico en suero;-;1;Laboratorios Clínicos Oliver;Suero 2 mL;Estudio Clínico;33;68;1;;;;;;;
Noradrenalina en orina;-;3;Laboratorios Clínicos Oliver;Orina 24 H. 20 mL. Enviar volumen;Estudio Clínico;240;340;1;;;;;;;
Noradrenalina en plasma;-;3;Laboratorios Clínicos Oliver;Sangre total/EDTA;Estudio Clínico;240;340;1;;;;;;;
Opiáceos;-;1;Laboratorios Clínicos Oliver;Orina casual;Estudio Clínico;210;271;1;;;;;;;
Osmolaridad sérica;-;3;Laboratorios Clínicos Oliver;Suero 3 mL;Estudio Clínico;187;340;1;;;;;;;
Osmolaridad urinaria;-;3;Laboratorios Clínicos Oliver;Primera orina del día;Estudio Clínico;187;340;1;;;;;;;
Osteocalcina;-;3;Laboratorios Clínicos Oliver;Sangre total/EDTA;Estudio Clínico;270;383;1;;;;;;;
Oxcarbamazepina;-;1;Laboratorios Clínicos Oliver;Suero 1 mL. No lipemia no hemólisis. Indicar fecha y hora de ultima dosis;Estudio Clínico;270;383;1;;;;;;;
Oxiuros prueba de graham;-;1;Laboratorios Clínicos Oliver;Frotis con diurex sin fijar;Estudio Clínico;72;113;1;;;;;;;
Papanicolaou;-;5;Laboratorios Clínicos Oliver;Frotis fijado con citospray o alcohol 96º;Estudio Clínico;88;196;1;;;;;;;
PCR  para detección de alelo HLA B-27;-;6;Laboratorios Clínicos Oliver;Sangre total/EDTA;Estudio Clínico;480;850;1;;;;;;;
PCR  para detección y tipificación VPH;-;7;Laboratorios Clínicos Oliver;Exudado;Estudio Clínico;480;1275;1;;;;;;;
PCR  para detección de Chlamydia trachomatis;-;5;Laboratorios Clínicos Oliver;Exudado;Estudio Clínico;270;850;1;;;;;;;
PCR  para detección citomegalovirus;-;5;Laboratorios Clínicos Oliver;Sangre total/EDTA;Estudio Clínico;192;935;1;;;;;;;
PCR  para detección de Mycobacterium tuberculosis;-;5;Laboratorios Clínicos Oliver;Esputo orina o tejido;Estudio Clínico;360;935;1;;;;;;;
PCR  para detección de Neisseria gonorrhoeae;-;5;Laboratorios Clínicos Oliver;Exudado;Estudio Clínico;240;850;1;;;;;;;
PCR  para detección de trichomonas vaginalis;-;5;Laboratorios Clínicos Oliver;Exudado;Estudio Clínico;288;850;1;;;;;;;
PCR para detección de hepatitis B;-;7;Laboratorios Clínicos Oliver;Plasma/EDTA 2.5 mL. Enviar congelado;Estudio Clínico;300;1785;1;;;;;;;
PCR  para detección de hepatitis C;-;7;Laboratorios Clínicos Oliver;Plasma/EDTA 2.5 mL. Enviar congelado;Estudio Clínico;48;1785;1;;;;;;;
PCR  para detección de VIH (Cualitativo);-;7;Laboratorios Clínicos Oliver;Plasma/EDTA 2.5 mL. Enviar congelado;Estudio Clínico;48;2125;1;;;;;;;
Péptido C;-;2;Laboratorios Clínicos Oliver;Suero 2 mL;Estudio Clínico;240;319;1;;;;;;;
Perfil cardiaco básico;CPK CK-MB DHL TGO Trigliceridos Colesterol total;1;Laboratorios Clínicos Oliver;Suero 2 mL. Ayuno 12 H;Perfil sanguíneo;240;425;1;;;;;;;
Perfil cardiaco completo;CPK CK-MB DHL HDL TGO LDL Trigliceridos Colesterol total;3;Laboratorios Clínicos Oliver;Suero 2 mL. 25 mL de orina 24 H. indicar peso talla y volumen urinario;Perfil sanguíneo;210;595;1;;;;;;;
Perfil climaterio;LH FSH Estrogenos totales;1;Laboratorios Clínicos Oliver;Suero 5 mL;Perfil sanguíneo;240;340;1;;;;;;;
Perfil andrógenos básico;17-Alfa-hidroxi progesterona en suero Androstenediona Dehidroepiandrosterona sulfato Testosterona total;2;Laboratorios Clínicos Oliver;Suero 3 mL;Perfil sanguíneo;240;808;1;;;;;;;
Perfil andrógenos completo;17-Alfa-hidroxi progesterona en suero Androstenediona Dehidroepiandrosterona Dehidroepiandrosterona sulfato Testosterona total Testosterona libre;2;Laboratorios Clínicos Oliver;Suero 3 mL;Perfil sanguíneo;270;935;1;;;;;;;
Perfil de alérgenos alimenticios;-;8;Laboratorios Clínicos Oliver;Suero 5 mL;Perfil sanguíneo;270;1453;1;;;;;;;
Perfil de alérgenos inhalatorios  ;-;8;Laboratorios Clínicos Oliver;Suero 5 mL;Perfil sanguíneo;120;1529;1;;;;;;;
Perfil de anemia;  Hierro sérica Ácido fólico Ferritina Transferrina Vitamina B12;2;Laboratorios Clínicos Oliver;Suero 3 mL;Perfil sanguíneo;138;595;1;;;;;;;
Paquete básico;Química sanguinea (6) EGO BH;1;Laboratorios Clínicos Oliver;Suero 3 mL. Orina casual. Sangre total EDTA;Paquete;252;357;1;;;;;;;
Paquete completo mujer;Química sanguinea (27) EGO BH/Plaquetas Papanicolaou;EMD;Laboratorios Clínicos Oliver;Suero 3 mL. Orina casual. Sangre total EDTA. Laminilla fijada;Paquete;630;893;1;;;;;;;
Paquete completo hombre;Química sanguinea (27) EGO BH/Plaquetas Antígeno prostático específico;EMD;Laboratorios Clínicos Oliver;-;Paquete;630;893;1;;;;;;;
Perfil de drogas abuso III;Anfetaminas en orina Cannabinoides Cocaína;1;Laboratorios Clínicos Oliver;Orina ocasional;Perfil sanguíneo;240;340;1;;;;;;;
Perfil de drogas abuso V;Anfetaminas en orina Cannabinoides Cocaína Morfina Metaanfetaminas;1;Laboratorios Clínicos Oliver;Orina ocasional;Perfil sanguíneo;330;468;1;;;;;;;
Perfil de hepatitis viral (Virus A);-;2;Laboratorios Clínicos Oliver;Suero 3 mL;Perfil sanguíneo;450;638;1;;;;;;;
Perfil de hepatitis viral (Virus A+B);-;2;Laboratorios Clínicos Oliver;Suero 3 mL;Perfil sanguíneo;1110;1573;1;;;;;;;
Perfil de hepatitis viral (Virus A+B+C);-;3;Laboratorios Clínicos Oliver;Suero 5 mL;Perfil sanguíneo;1380;1797;1;;;;;;;
Perfil de hepatitis viral (Virus A+B+C+D);-;3;Laboratorios Clínicos Oliver;Suero 5 mL;Perfil sanguíneo;1620;2295;1;;;;;;;
Perfil de hepatitis viral 1 (Virus B);-;2;Laboratorios Clínicos Oliver;Suero 3 mL;Perfil sanguíneo;720;1020;1;;;;;;;
Perfil de hepatitis viral 2 (Virus B);-;2;Laboratorios Clínicos Oliver;Suero 2 mL;Perfil sanguíneo;780;1105;1;;;;;;;
Perfil de hierro (Cinética de hierro);Hierro sérico Capacidad de fijación de hierro Porcentaje de saturación;2;Laboratorios Clínicos Oliver;Suero 3 mL;Perfil sanguíneo;210;298;1;;;;;;;
Perfil de hipertensión;LDL HDL Lípidos totales Colesterol total Trigliceridos aspecto del suero;3;Laboratorios Clínicos Oliver;Suero 2 mL;Perfil sanguíneo;660;935;1;;;;;;;
Perfil de inmunoglobulinas;-;2;Laboratorios Clínicos Oliver;Suero 2 mL;Perfil sanguíneo;480;680;1;;;;;;;
Perfil de lípidos básico;HDL LDL VLDL Lípidos totales Colesterol total Fosfolípidos Trigliceridos Aspecto del suero Indice aterogenico;1;Laboratorios Clínicos Oliver;Suero 2 mL;Perfil sanguíneo;240;340;1;;;;;;;
Perfil de lípidos completo;-;2;Laboratorios Clínicos Oliver;Suero 3 mL;Perfil sanguíneo;330;468;1;;;;;;;
Perfil de lupus;-;2;Laboratorios Clínicos Oliver;Suero 2 mL + 5 mL de sangre total/EDTA;Perfil sanguíneo;780;1105;1;;;;;;;
Perfil de osteoporosis básico;-;2;Laboratorios Clínicos Oliver;Suero 3 mL + 25 mL de orina de 24 H. indicar peso talla y volumen urinario;Perfil sanguíneo;1080;1530;1;;;;;;;
Perfil de osteoporosis completo;-;3;Laboratorios Clínicos Oliver;Suero 3 mL + 25 mL de orina de 24 H. indicar peso talla y volumen urinario;Perfil sanguíneo;1800;2550;1;;;;;;;
Perfil de proteínas séricas;-;1;Laboratorios Clínicos Oliver;Suero 2 mL;Perfil sanguíneo;105;170;1;;;;;;;
Perfil de raquitismo;Calcio Fosforo PTH-I;2;Laboratorios Clínicos Oliver;Suero 2 mL;Perfil sanguíneo;390;553;1;;;;;;;
Perfil de torch inmunoglobulinas G y M;-;2;Laboratorios Clínicos Oliver;Suero 5 mL;Perfil sanguíneo;480;1063;1;;;;;;;
Perfil de torch inmunoglobulinas M;-;2;Laboratorios Clínicos Oliver;Suero 3 mL;Perfil sanguíneo;748;988;1;;;;;;;
Perfil diabético básico;Glucosa sérica Colesterol Triglicéridos Hemoglobina glicosilada EGO;1;Laboratorios Clínicos Oliver;Suero 2 mL. Sangre total EDTA 2 mL. 25 mL de orina ocacional;Perfil sanguíneo;240;340;1;;;;;;;
Perfil diabético completo;Basico+Microalbumina Peptido C;2;Laboratorios Clínicos Oliver;Suero 2 mL. Sangre total EDTA 2 mL. 25 mL de orina ocacional;Perfil sanguíneo;570;808;1;;;;;;;
Perfil hepático básico;-;1;Laboratorios Clínicos Oliver;Suero 3 mL;Perfil sanguíneo;210;298;1;;;;;;;
Perfil hepático completo;-;1;Laboratorios Clínicos Oliver;-;Perfil sanguíneo;270;383;1;;;;;;;
Perfil hipofisario;ACTH TSH FSH;1;Laboratorios Clínicos Oliver;Suero 3 mL;Perfil sanguíneo;660;935;1;;;;;;;
Perfil hormonal femenino;FSH LH TSH E2 Prolactina Testosterona total Progesterona Cortisol en suero Hormona del crecimiento;1;Laboratorios Clínicos Oliver;Suero 3 mL;Perfil sanguíneo;540;765;1;;;;;;;
Perfil hormonal femenino con tiroideo;Basico+T3 T3 total T4 total PBI Indice de tiroxina libre;1;Laboratorios Clínicos Oliver;Suero 3 mL;Perfil sanguíneo;690;978;1;;;;;;;
Perfil hormonal femenino con tiroideo II;Tiroideo+Yodo butanolico T4 libre;1;Laboratorios Clínicos Oliver;Suero 3 mL;Perfil sanguíneo;780;1105;1;;;;;;;
Perfil ginecológico I;LH FSH E2 Prolactina Progesterona Testosterona total;1;Laboratorios Clínicos Oliver;Suero 3 mL;Perfil sanguíneo;360;510;1;;;;;;;
Perfil ginecológico II;Basico+Progesterona y Estrogenos totales;1;Laboratorios Clínicos Oliver;Suero 3 mL;Perfil sanguíneo;360;510;1;;;;;;;
Perfil hormonal masculino;E2 FSH LH TSH Progesterona Prolactina Testosterona total Cortisol en suero Hormona de crecimiento;1;Laboratorios Clínicos Oliver;Suero 3 mL;Perfil sanguíneo;540;765;1;;;;;;;
Perfil hormonal masculino con tiroideo;Basico+T3 T3 total T4 total PBI Indice de tiroxina libre;1;Laboratorios Clínicos Oliver;Suero 3 mL;Perfil sanguíneo;660;935;1;;;;;;;
Perfil infeccioso I;-;5;Laboratorios Clínicos Oliver;Exudado;Perfil sanguíneo;1080;1530;1;;;;;;;
Perfil infeccioso II;-;5;Laboratorios Clínicos Oliver;Exudado;Perfil sanguíneo;1140;1615;1;;;;;;;
Perfil prenatal;BH Glucosa sérica Urea sérica Colesterol Ácido urico Grupo sanguineo y Rh EGO VDRL en suero;1;Laboratorios Clínicos Oliver;Suero 3 mL. Sangre total EDTA. Orina ocasional;Perfil sanguíneo;187;468;1;;;;;;;
Perfil preoperatorio básico;BH EGO TP TPT Grupo sanguineo y factor Rh Glucosa sérica Urea sérica Creatinina sérica Colesterol;1;Laboratorios Clínicos Oliver;Suero 3 mL. Sangre total EDTA. Orina ocasional. 1 mL de plasma citratado;Perfil sanguíneo;270;383;1;;;;;;;
Perfil preoperatorio completo;Basico+Ácido urico Triglicéridos VDRL en suero Anticuerpos anti VIH;1;Laboratorios Clínicos Oliver;Suero 3 mL. Sangre total EDTA. Orina ocasional. 1 mL de plasma citratado;Perfil sanguíneo;450;638;1;;;;;;;
Perfil prostático;-;2;Laboratorios Clínicos Oliver;Suero 3 mL;Perfil sanguíneo;300;425;1;;;;;;;
Perfil renal;-;1;Laboratorios Clínicos Oliver;Suero 2 mL. Orina ocacional;Perfil sanguíneo;165;255;1;;;;;;;
Perfil renal completo;-;1;Laboratorios Clínicos Oliver;Suero 2 mL. 25 mL de orina 24 H. indicar peso talla y volumen urinario;Perfil sanguíneo;270;383;1;;;;;;;
Perfil reumático básico;-;1;Laboratorios Clínicos Oliver;Suero 2 mL;Perfil sanguíneo;176;298;1;;;;;;;
Perfil reumático completo;-;5;Laboratorios Clínicos Oliver;Suero 3 mL y sangre total con EDTA;Perfil sanguíneo;390;553;1;;;;;;;
Perfil testicular;-;1;Laboratorios Clínicos Oliver;Suero 2 mL;Perfil sanguíneo;270;383;1;;;;;;;
Perfil tetra marcador con interpretación;-;5;Laboratorios Clínicos Oliver;Suero 3 mL. Llenar cuestionario anexo;Perfil sanguíneo;1560;2210;1;;;;;;;
Perfil tetra marcador sin interpretación;-;5;Laboratorios Clínicos Oliver;Suero 3 mL. Llenar cuestionario anexo;Perfil sanguíneo;1080;1530;1;;;;;;;
Perfil tiroideo 1;T3 T3 total T4 total PBI TSH Indice de tiroxina libre;1;Laboratorios Clínicos Oliver;Suero 2 mL;Perfil sanguíneo;240;340;1;;;;;;;
Perfil tiroideo 2;1+T4 libre T3 libre ;1;Laboratorios Clínicos Oliver;Suero 3 mL;Perfil sanguíneo;360;510;1;;;;;;;
Perfil tiroideo 3;2+Ac. Antimicrosomales Ac. Antitiroglobulinas t-Uptake T4 yodo Yodo butanolico;1;Laboratorios Clínicos Oliver;Suero 3 mL;Perfil sanguíneo;420;595;1;;;;;;;
Perfil tiroideo 4;T4 total TSH T-Uptake T4 yodo PBI Yodo butanolico Indice de tiroxina libre;1;Laboratorios Clínicos Oliver;Suero 2 mL;Perfil sanguíneo;240;340;1;;;;;;;
Perfil tiroideo fracciones libres;T3 libre T4 libre TSH;1;Laboratorios Clínicos Oliver;Suero 2 mL;Perfil sanguíneo;270;383;1;;;;;;;
Perfil toxemico 1;-;1;Laboratorios Clínicos Oliver;Suero 3 mL. Sangre total EDTA. Orina ocasional;Perfil sanguíneo;341;510;1;;;;;;;
Perfil toxemico 2;-;1;Laboratorios Clínicos Oliver;Suero 3 mL. Sangre total EDTA. Orina ocasional. 1 mL de plasma citratado;Perfil sanguíneo;480;680;1;;;;;;;
Perfil toch IgG;-;2;Laboratorios Clínicos Oliver;Suero 3 mL;Perfil sanguíneo;570;808;1;;;;;;;
"Perfil toch IgG, IgM";-;2;Laboratorios Clínicos Oliver;Suero 3 mL;Perfil sanguíneo;1080;1530;1;;;;;;;
Perfil toch IgM;-;2;Laboratorios Clínicos Oliver;Suero 3 mL;Perfil sanguíneo;570;808;1;;;;;;;
Perfil triple marcador con interpretación;-;3;Laboratorios Clínicos Oliver;Suero 3 mL;Perfil sanguíneo;660;935;1;;;;;;;
Plomo en sangre;-;4;Laboratorios Clínicos Oliver;Suero 3 mL;Estudio Clínico;330;468;1;;;;;;;
Potasio sérico;-;1;Laboratorios Clínicos Oliver;Suero 2 mL;Estudio Clínico;55;85;1;;;;;;;
Potasio urinario;-;1;Laboratorios Clínicos Oliver;Orina 24 H. Mantener en refrigeración enviar volumen;Estudio Clínico;55;81;1;;;;;;;
"Prenupciales (Rh, VDRL, requisitos)";-;3;Laboratorios Clínicos Oliver;Suero 2 mL/Sangre total EDTA;Estudio Clínico;240;340;1;;;;;;;
Progesterona;-;1;Laboratorios Clínicos Oliver;Suero 2 mL;Estudio Clínico;94;170;1;;;;;;;
Prolactina;-;1;Laboratorios Clínicos Oliver;Suero 2 mL;Estudio Clínico;94;170;1;;;;;;;
Proteína C reactiva;-;1;Laboratorios Clínicos Oliver;Suero 2 mL;Estudio Clínico;88;170;1;;;;;;;
Proteína C reactiva ultrasensible;-;2;Laboratorios Clínicos Oliver;Suero 2 mL;Estudio Clínico;242;304;1;;;;;;;
Proteínas totales en orina;-;2;Laboratorios Clínicos Oliver;Orina 24 H. indicar volumen;Estudio Clínico;55;108;1;;;;;;;
Proteínas totales (suero);-;1;Laboratorios Clínicos Oliver;Suero 2 mL;Estudio Clínico;55;128;1;;;;;;;
Prueba inmunológica de embarazo HGC Beta (Cuantitativa);-;1;Laboratorios Clínicos Oliver;Suero 2 mL;Estudio Clínico;150;213;1;;;;;;;
Prueba inmunológica de embarazo en sangre (Cualitativa);-;1;Laboratorios Clínicos Oliver;Orina casual;Estudio Clínico;55;60;1;;;;;;;
Prueba inmunológica de embarazo en orina (Cualitativa);-;1;Laboratorios Clínicos Oliver;Suero 2 mL;Estudio Clínico;66;60;1;;;;;;;
Prueba de paternidad con ADN;-;15;Laboratorios Clínicos Oliver;Sangre total/EDTA (Llenar cadena de custodia);Estudio Clínico;10200;14450;1;;;;;;;
Química sanguínea (3 elementos);-;1;Laboratorios Clínicos Oliver;Suero 2 mL;Estudio Clínico;72;107;1;;;;;;;
Química sanguínea (4 elementos);-;1;Laboratorios Clínicos Oliver;Suero 2 mL;Estudio Clínico;94;170;1;;;;;;;
Química sanguínea (5 elementos);-;1;Laboratorios Clínicos Oliver;Suero 2 mL;Estudio Clínico;116;204;1;;;;;;;
Química sanguínea (6 elementos);-;1;Laboratorios Clínicos Oliver;Suero 2 mL;Estudio Clínico;143;230;1;;;;;;;
Química sanguínea (8 elementos);-;1;Laboratorios Clínicos Oliver;Suero 2 mL;Estudio Clínico;180;255;1;;;;;;;
Química sanguínea (14 elementos);-;1;Laboratorios Clínicos Oliver;Suero 3 mL;Estudio Clínico;270;383;1;;;;;;;
Química sanguínea (20 elementos);-;1;Laboratorios Clínicos Oliver;Suero 3 mL;Estudio Clínico;300;425;1;;;;;;;
Química sanguínea (27 elementos);-;1;Laboratorios Clínicos Oliver;Suero 3 mL;Estudio Clínico;341;510;1;;;;;;;
Química sanguínea (30 elementos);-;1;Laboratorios Clínicos Oliver;Suero 3 mL;Estudio Clínico;374;553;1;;;;;;;
"Química sanguínea de glucosa, colesterol y trigliceridos";-;1;Laboratorios Clínicos Oliver;Suero 2 mL;Estudio Clínico;105;153;1;;;;;;;
Reacciones febriles;-;1;Laboratorios Clínicos Oliver;Suero 2 mL;Estudio Clínico;72;145;1;;;;;;;
Renina;-;2;Laboratorios Clínicos Oliver;Sangre total/EDTA;Estudio Clínico;270;383;1;;;;;;;
Reticulocitos;-;1;Laboratorios Clínicos Oliver;Sangre total/EDTA;Estudio Clínico;55;85;1;;;;;;;
Rotavirus en heces;-;1;Laboratorios Clínicos Oliver;Heces 2 muestras;Estudio Clínico;240;340;1;;;;;;;
Sangre oculta en heces 1 muestra;-;1;Laboratorios Clínicos Oliver;Muestra fecal reciente;Estudio Clínico;84;111;1;;;;;;;
Serotonina en suero;-;3;Laboratorios Clínicos Oliver;Suero 2 mL. No hemólisis;Estudio Clínico;450;638;1;;;;;;;
Sodio sérico;-;1;Laboratorios Clínicos Oliver;Suero 2 mL;Estudio Clínico;60;81;1;;;;;;;
Tamiz metabólico neonatal ampliado;-;6;Laboratorios Clínicos Oliver;Papel filtro (4 gotas de sangre);Estudio Clínico;540;765;1;;;;;;;
Tamiz metabólico neonatal básico;-;6;Laboratorios Clínicos Oliver;Papel filtro (4 gotas de sangre);Estudio Clínico;300;425;1;;;;;;;
Tamiz metabólico neonatal básico modificado;-;6;Laboratorios Clínicos Oliver;Papel tamiz (4 gotas de sangre);Estudio Clínico;360;510;1;;;;;;;
Tamiz metabólico neonatal completo;-;6;Laboratorios Clínicos Oliver;Papel tamiz (4 gotas de sangre);Estudio Clínico;440;638;1;;;;;;;
Tegretol;-;2;Laboratorios Clínicos Oliver;Suero 2 mL;Estudio Clínico;210;298;1;;;;;;;
Teofilina-Aminofilina;-;2;Laboratorios Clínicos Oliver;Suero 2 mL;Estudio Clínico;210;298;1;;;;;;;
Testosterona libre;-;2;Laboratorios Clínicos Oliver;Suero 2 mL;Estudio Clínico;150;213;1;;;;;;;
Testosterona total;-;2;Laboratorios Clínicos Oliver;Suero 2 mL;Estudio Clínico;132;187;1;;;;;;;
Transaminasa glutámica oxalacetica;-;1;Laboratorios Clínicos Oliver;Suero 1 mL;Estudio Clínico;55;85;1;;;;;;;
Transaminasa glutámica pirúvica;-;1;Laboratorios Clínicos Oliver;Suero 1 mL;Estudio Clínico;55;85;1;;;;;;;
Tiempo de protrombina (T. P.);-;1;Laboratorios Clínicos Oliver;Plasma con citrato (9:1);Estudio Clínico;60;82;1;;;;;;;
Tiempo de trombina (TT);-;EMD;Laboratorios Clínicos Oliver;Plasma con citrato (9:1);Estudio Clínico;120;141;1;;;;;;;
Tiempo parcial de tromboplastina (T. P. T.);-;EMD;Laboratorios Clínicos Oliver;Plasma con citrato (9:1);Estudio Clínico;60;85;1;;;;;;;
Tiroglobulina;-;2;Laboratorios Clínicos Oliver;Suero 2 mL;Estudio Clínico;150;213;1;;;;;;;
Tirotrofina (TSH);-;1;Laboratorios Clínicos Oliver;Suero 2 mL;Estudio Clínico;120;170;1;;;;;;;
Tiroxina total (T4);-;1;Laboratorios Clínicos Oliver;Suero 2 mL;Estudio Clínico;120;170;1;;;;;;;
Transferrina;-;2;Laboratorios Clínicos Oliver;Suero 2 mL;Estudio Clínico;180;231;1;;;;;;;
Triglicéridos;-;1;Laboratorios Clínicos Oliver;Suero 2 mL;Estudio Clínico;55;94;1;;;;;;;
Triyodotironina libre T3;-;1;Laboratorios Clínicos Oliver;Suero 2 mL;Estudio Clínico;120;170;1;;;;;;;
Triyodotironina total T3;-;1;Laboratorios Clínicos Oliver;Suero 2 mL;Estudio Clínico;120;170;1;;;;;;;
TSH neonatal;-;3;Laboratorios Clínicos Oliver;Papel tamiz (2 gotas de sangre);Estudio Clínico;120;170;1;;;;;;;
Urea en orina de 24 H;-;1;Laboratorios Clínicos Oliver;Orina 24 H. 2 mL. Enviar volumn;Estudio Clínico;55;94;1;;;;;;;
Urea sérica;-;1;Laboratorios Clínicos Oliver;Suero 2 mL;Estudio Clínico;55;85;1;;;;;;;
V. D. R. L (Reacciones seroluéticas);-;1;Laboratorios Clínicos Oliver;Suero 2 mL;Estudio Clínico;66;102;1;;;;;;;
Valium en suero;-;3;Laboratorios Clínicos Oliver;Suero 2 mL;Estudio Clínico;210;298;1;;;;;;;
Velocidad de eritrosedimentación;-;1;Laboratorios Clínicos Oliver;Sangre total/EDTA;Estudio Clínico;39;85;1;;;;;;;
VIH 1 anticuerpos (presuntiva- DUO);-;1;Laboratorios Clínicos Oliver;Suero 2 mL;Estudio Clínico;180;255;1;;;;;;;
Vitamina B12;-;2;Laboratorios Clínicos Oliver;Suero 2 mL. Centrifugar inmediatamente;Estudio Clínico;240;338;1;;;;;;;
Western blot HIV 1 confirmatoria;-;8;Laboratorios Clínicos Oliver;Suero 2 mL;Estudio Clínico;1620;2295;1;;;;;;;
Examen general de orina cualitativo; - ; EMD ;Laboratorios Clínicos Oliver; Orina 24 H. 20 mL. Enviar volumen ;Estudio Clínico;25;35;1;;;;;;;
Examen general de orina cuantitativo; - ; 1.00 ;Laboratorios Clínicos Oliver; Orina 24 H. 20 mL. Enviar volumen ;Estudio Clínico;40;55;1;;;;;;;
Toma de glucosa capilar; - ; EMD ;Laboratorios Clínicos Oliver; - ;Estudio Clínico;10;30;1;;;;;;;
Toma de presión; - ; EMD ;Laboratorios Clínicos Oliver; - ;Estudio Clínico;0;10;1;;;;;;;
Check up básico; BH QS 14 EGO Electrocardiograma ; 2.00 ;Laboratorios Clínicos Oliver; Suero 2 mL + 5 mL de sangre total/EDTA ; Check-up ;600;874;1;;;;;;;
Check-up Mujer;" Papanicolau, Ultrasonido ginecológico, Colposcopía "; 5.00 ;Laboratorios Clínicos Oliver; Laminilla ; Check-up ;2;500;1;;;;;;;
